tempo,velocidade_media_prioritarios
0,0.0
15,9.732079924836764
33,8.794859915431052
54,12.6815939578088
72,12.70060227334965
90,0.0
111,0.0
129,0.0
