tempo,velocidade_media
0,0.0
15,8.850296841273483
33,5.186479000203212
54,13.293562958388078
72,13.061407901444197
90,4.256421869047578
111,0.0
129,0.0
